Company,EntryDate,COmpleteDate,Task Owner 
Strosin-Jacobs,10/3/2019,2019-10-10 00:00:00,Emeka Emeka
Braun Group,5/8/2019,2019-12-06 00:00:00,Emmanuel Chude
Smith-Lind,5/16/2019,2019-06-06 00:00:00,Nancy Oluomachi
"Gottlieb, McClure and Wyman",12/22/2018,2019-01-12 00:00:00,Temitope Angela
Gutmann Inc,8/30/2019,2019-09-13 00:00:00,Emmanuel Chude
Dibbert LLC,1/24/2020,2021-12-09 00:00:00,Edmund
"McLaughlin, Hoppe and Volkman",9/27/2019,2019-10-11 00:00:00,
"Lehner, Runolfsson and Schultz",3/15/2019,2021-01-01 00:00:00,Emmanuel Chude
Blick-Labadie,12/1/2018,2018-12-08 00:00:00,
Powlowski-Ryan,6/27/2019,2019-07-18 00:00:00,Patric NwaezeUbong
Beahan LLC,4/30/2019,2019-05-21 00:00:00,Nancy Oluomachi
Auer Group,4/9/2020,2020-09-09 00:00:00,Emmanuel Chude
Von-Kohler,2/1/2019,2019-02-22 00:00:00,
Langworth-Schmidt,9/20/2018,2018-09-27 00:00:00,Emmanuel Chude
Kulas LLC,2/20/2019,2019-02-27 00:00:00,
"Welch, Torp and Witting",2/4/2019,2019-02-18 00:00:00,Patric NwaezeUbong
Waelchi-Stehr,5/26/2020,2020-06-02 00:00:00,Emeka Emeka
"Douglas, Bartoletti and Wiegand",2/26/2020,2020-03-11 00:00:00,Edmund
Collins Inc,4/1/2019,2019-04-22 00:00:00,Patric NwaezeUbong
Smith-Boehm,4/2/2019,2019-04-09 00:00:00,
Quigley Group,5/27/2019,2019-12-11 00:00:00,Nancy Oluomachi
"Goodwin, Goyette and Pacocha",6/21/2019,2019-08-09 00:00:00,Temitope Angela
"Hermiston, Hand and Torphy",8/6/2019,2019-08-20 00:00:00,Temitope Angela
Steuber LLC,9/24/2020,2020-10-08 00:00:00,Emeka Emeka
Ernser-Kuvalis,7/10/2020,2020-07-31 00:00:00,Patric NwaezeUbong
"Hoppe, Goyette and Heaney",11/22/2019,2019-11-29 00:00:00,Emmanuel Chude
Swaniawski-Little,8/30/2020,2020-12-09 00:00:00,Temitope Angela
"Senger, Gusikowski and Hintz",4/26/2019,2019-05-03 00:00:00,Emeka Emeka
"Skiles, Kunze and Lakin",2/21/2020,2020-12-03 00:00:00,Temitope Angela
Bogan and Sons,9/12/2019,2019-10-03 00:00:00,
"Buckridge, Kozey and Barrows",12/17/2018,2018-12-31 00:00:00,Emmanuel Chude
Hirthe LLC,10/23/2019,2019-10-30 00:00:00,
"Orn, Streich and Carroll",12/8/2018,2018-09-12 00:00:00,Patric NwaezeUbong
Dicki and Sons,2/12/2020,2020-03-04 00:00:00,
"Hammes, Lind and Skiles",4/17/2019,2019-05-01 00:00:00,
Gleason-Hamill,12/16/2018,2018-12-30 00:00:00,Edmund
"Swaniawski, Jenkins and Ruecker",5/14/2019,2019-05-28 00:00:00,Emmanuel Chude
Stiedemann Inc,5/10/2020,2020-10-06 00:00:00,
Abshire-Berge,12/2/2018,2018-12-16 00:00:00,Patric NwaezeUbong
Koch LLC,3/10/2020,2020-12-04 00:00:00,Patric NwaezeUbong
"Bernier, Schumm and Yundt",12/7/2018,001/01/2021,Emmanuel Chude
Dibbert-Zemlak,9/11/2020,2020-09-18 00:00:00,
Fahey-Schuppe,12/14/2018,2018-12-21 00:00:00,Emmanuel Chude
Denesik Group,10/25/2018,2018-11-08 00:00:00,
Schaden and Sons,1/19/2019,2019-02-02 00:00:00,Edmund
Swift Group,7/25/2019,2019-08-15 00:00:00,Nancy Oluomachi
Skiles Group,5/19/2019,2021-01-01 00:00:00,Nancy Oluomachi
Kirlin Inc,7/11/2019,2019-07-25 00:00:00,Nancy Oluomachi
Lakin LLC,3/21/2019,2019-04-11 00:00:00,Temitope Angela
"Sawayn, Abbott and Toy",7/21/2020,2020-08-04 00:00:00,Emeka Emeka
"Waters, Morissette and Quitzon",9/10/2019,2019-09-17 00:00:00,Nancy Oluomachi
Ryan-Olson,8/1/2020,2020-08-15 00:00:00,Patric NwaezeUbong
Mills-Deckow,2/13/2019,2019-02-20 00:00:00,Nancy Oluomachi
Hettinger-Funk,4/5/2019,2019-04-12 00:00:00,Nancy Oluomachi
Mohr-Hayes,7/10/2020,2020-12-09 00:00:00,Temitope Angela
"Osinski, McLaughlin and Hodkiewicz",2/29/2020,2021-01-01 00:00:00,Emeka Emeka
"Ortiz, Dare and Schowalter",4/19/2019,2021-01-01 00:00:00,Patric NwaezeUbong
Beier Inc,5/1/2019,2019-12-09 00:00:00,
Torp LLC,3/8/2020,2020-03-15 00:00:00,Nancy Oluomachi
Becker-Doyle,2/21/2020,2020-03-06 00:00:00,Emeka Emeka
Blanda Group,7/20/2020,2020-08-03 00:00:00,
Hamill-Greenholt,7/25/2019,2021-01-01 00:00:00,Emeka Emeka
"Cole, Williamson and Thiel",7/16/2019,2019-12-09 00:00:00,Patric NwaezeUbong
Spinka-Yundt,8/9/2020,2020-08-23 00:00:00,Emmanuel Chude
Oberbrunner Group,9/16/2018,2018-09-30 00:00:00,
"Mante, Reichel and Schuster",6/15/2020,2020-06-22 00:00:00,Patric NwaezeUbong
Deckow and Sons,6/2/2020,2020-06-09 00:00:00,Patric NwaezeUbong
Fritsch Group,5/30/2019,2019-06-20 00:00:00,Edmund
Schroeder-Terry,8/5/2019,2019-08-19 00:00:00,Nancy Oluomachi
"Doyle, Kertzmann and Luettgen",9/13/2020,2020-10-04 00:00:00,
"Mayert, Schultz and Hartmann",11/21/2019,2019-12-12 00:00:00,
Bradtke-Heidenreich,2/27/2019,2019-03-20 00:00:00,
"Crist, Jenkins and Gottlieb",12/23/2019,2019-12-30 00:00:00,Edmund
"Nolan, Waters and Crist",2/3/2019,2019-02-10 00:00:00,Emmanuel Chude
"Cormier, Schaden and Krajcik",9/30/2019,2021-01-01 00:00:00,Emmanuel Chude
Keebler-Keebler,11/29/2018,2018-12-20 00:00:00,Emmanuel Chude
Osinski Group,11/20/2019,2019-12-04 00:00:00,Emeka Emeka
Casper-Dickens,5/24/2019,2019-06-14 00:00:00,
Moen-Metz,6/11/2020,7/18/2020,Emeka Emeka
"Steuber, McClure and Orn",11/26/2019,2019-12-03 00:00:00,Temitope Angela
"Reilly, Johnson and Beatty",11/9/2018,2018-12-12 00:00:00,
"Kassulke, Koepp and Stanton",2/10/2020,2020-03-02 00:00:00,Edmund
McCullough-Connelly,6/21/2020,2021-01-01 00:00:00,Emeka Emeka
Lakin-Marvin,8/13/2019,2019-12-09 00:00:00,Emmanuel Chude
Dietrich-Bartoletti,9/21/2020,001/01/2021,Patric NwaezeUbong
"Hickle, Mosciski and Abshire",3/9/2020,2020-03-16 00:00:00,Edmund
"Wehner, Botsford and Kutch",3/25/2019,2019-04-15 00:00:00,Temitope Angela
"Borer, Strosin and Rogahn",4/24/2019,2019-05-08 00:00:00,
"Hilpert, Gleichner and Jakubowski",10/31/2018,2018-11-14 00:00:00,Patric NwaezeUbong
"McLaughlin, Schiller and Walter",3/24/2019,2019-04-07 00:00:00,Emmanuel Chude
Herzog-Hayes,1/27/2019,2019-02-03 00:00:00,Patric NwaezeUbong
"Mills, Stark and Langworth",7/18/2020,2020-07-25 00:00:00,Emmanuel Chude
Torphy LLC,10/3/2018,2018-10-17 00:00:00,Emmanuel Chude
"Kiehn, Cremin and Bruen",8/25/2020,2020-09-08 00:00:00,Emmanuel Chude
Stracke Inc,2/22/2019,2019-03-08 00:00:00,Nancy Oluomachi
Windler-Lind,11/22/2019,2019-12-12 00:00:00,Emeka Emeka
Leuschke LLC,7/23/2019,2019-08-06 00:00:00,Emeka Emeka
"Kuphal, Becker and Kilback",7/13/2019,2019-08-03 00:00:00,Emeka Emeka
Pouros LLC,7/31/2019,2019-08-14 00:00:00,Nancy Oluomachi
Jaskolski-Herzog,6/19/2020,2020-07-03 00:00:00,Patric NwaezeUbong
Blick and Sons,4/16/2019,2019-12-09 00:00:00,Emmanuel Chude
"Cremin, Corkery and Hintz",4/13/2020,4/23/2020,Emmanuel Chude
"Deckow, Padberg and Thiel",4/5/2020,2021-01-01 00:00:00,Nancy Oluomachi
Jones LLC,1/16/2019,2019-01-23 00:00:00,Emeka Emeka
"Kerluke, Hane and Prosacco",1/26/2020,2020-02-16 00:00:00,Emeka Emeka
Vandervort-Harris,12/4/2018,2018-12-18 00:00:00,Patric NwaezeUbong
Schneider and Sons,2/24/2019,2019-03-03 00:00:00,Nancy Oluomachi
"Skiles, O'Kon and Lynch",8/17/2019,2019-09-07 00:00:00,Nancy Oluomachi
"Willms, Ward and Osinski",2/21/2019,2020-12-09 00:00:00,Nancy Oluomachi
Cartwright-Weber,9/24/2019,2019-10-15 00:00:00,Emmanuel Chude
Wuckert-Wiegand,2/5/2020,2020-12-09 00:00:00,
"Murray, Mitchell and Wilderman",5/20/2019,2020-12-09 00:00:00,Patric NwaezeUbong
Turner Inc,3/10/2020,2020-03-24 00:00:00,Emeka Emeka
Becker Inc,8/24/2020,2020-12-09 00:00:00,
Sporer LLC,6/13/2019,2019-06-27 00:00:00,Emmanuel Chude
Medhurst LLC,9/24/2018,2021-01-01 00:00:00,Temitope Angela
Ondricka-Cummings,12/10/2018,2020-12-09 00:00:00,Edmund
Corwin LLC,9/28/2019,2019-10-05 00:00:00,Patric NwaezeUbong
Brekke-Paucek,8/11/2019,2019-08-25 00:00:00,
"Hermann, Doyle and Emmerich",1/18/2020,2020-02-08 00:00:00,Patric NwaezeUbong
"Kub, Jerde and Hauck",1/6/2019,2019-01-27 00:00:00,
McLaughlin-Koelpin,5/28/2020,2020-12-09 00:00:00,Emeka Emeka
Zulauf-Wisozk,8/28/2020,2020-09-11 00:00:00,Nancy Oluomachi
"Blick, Towne and McDermott",8/25/2019,2019-09-15 00:00:00,Emeka Emeka
Orn-O'Keefe,6/4/2020,2020-06-11 00:00:00,Nancy Oluomachi
Friesen and Sons,7/12/2020,2021-01-01 00:00:00,
Satterfield-Schaefer,8/10/2019,2021-01-01 00:00:00,Emmanuel Chude
Baumbach Inc,9/7/2018,2018-09-14 00:00:00,Edmund
"Bogan, Muller and Rowe",3/14/2019,2021-01-01 00:00:00,Edmund
Schiller Group,9/7/2020,2021-01-01 00:00:00,
Hills-Schneider,6/19/2019,2019-07-03 00:00:00,Edmund
Parker LLC,7/9/2019,2021-01-01 00:00:00,
Kunde Inc,11/7/2018,2018-11-14 00:00:00,Patric NwaezeUbong
"Kreiger, Thompson and Gutkowski",3/13/2019,2019-04-03 00:00:00,Emeka Emeka
Lebsack-McLaughlin,12/20/2018,2021-01-01 00:00:00,Emmanuel Chude
Heathcote LLC,6/12/2019,2019-06-19 00:00:00,
Bauch Inc,11/21/2018,2018-11-28 00:00:00,Patric NwaezeUbong
Corwin LLC,12/17/2018,2019-01-07 00:00:00,Temitope Angela
Davis-Lindgren,12/27/2019,2020-01-03 00:00:00,
Altenwerth LLC,10/16/2019,2019-10-30 00:00:00,Patric NwaezeUbong
O'Hara Group,9/12/2019,2019-09-26 00:00:00,Nancy Oluomachi
Von LLC,12/24/2018,2018-12-31 00:00:00,
"Runolfsson, Konopelski and Dicki",11/28/2018,2018-12-12 00:00:00,Edmund
Okuneva-Murphy,1/4/2019,2021-01-01 00:00:00,Temitope Angela
Dicki-Murazik,3/3/2020,2021-01-01 00:00:00,Temitope Angela
Pacocha and Sons,1/26/2020,2020-02-09 00:00:00,Patric NwaezeUbong
"Hilll, McClure and Larkin",4/19/2019,2019-04-26 00:00:00,Emmanuel Chude
"Kreiger, Connelly and Spinka",8/3/2020,2021-01-01 00:00:00,Emmanuel Chude
Hackett-Maggio,9/11/2018,2018-10-02 00:00:00,Emmanuel Chude
Schumm Group,3/29/2019,2021-01-01 00:00:00,Emmanuel Chude
Will LLC,10/25/2018,2021-01-01 00:00:00,Emeka Emeka
Runolfsson-Considine,9/17/2018,2021-01-01 00:00:00,Temitope Angela
Gleichner Group,6/21/2019,2021-01-01 00:00:00,Emmanuel Chude
Runolfsson-Lubowitz,5/20/2020,2021-01-01 00:00:00,Edmund
Wiegand LLC,2/15/2019,2019-02-22 00:00:00,
Roob-Windler,12/27/2019,2021-01-01 00:00:00,
Kilback and Sons,5/5/2019,2021-01-01 00:00:00,Patric NwaezeUbong
Koch-Olson,1/12/2020,2020-01-26 00:00:00,Nancy Oluomachi
Fritsch Group,7/5/2020,2021-01-01 00:00:00,Temitope Angela
"Kohler, Rosenbaum and Koepp",9/15/2018,2018-10-06 00:00:00,Emeka Emeka
Goodwin and Sons,4/11/2020,2021-01-01 00:00:00,Patric NwaezeUbong
"Batz, Wyman and O'Keefe",3/15/2020,2020-03-22 00:00:00,Emmanuel Chude
"Strosin, King and McCullough",12/17/2019,2019-12-24 00:00:00,Emmanuel Chude
Cronin and Sons,8/2/2019,2019-08-16 00:00:00,Temitope Angela
Huel and Sons,5/31/2020,2020-06-14 00:00:00,Emmanuel Chude
"O'Kon, Cummings and Rolfson",4/15/2020,2020-04-22 00:00:00,Edmund
Gottlieb Inc,12/13/2018,2018-12-20 00:00:00,Temitope Angela
"Reichert, Collins and Huels",2/28/2019,2019-03-14 00:00:00,Edmund
Collier-Jaskolski,1/27/2019,2019-02-17 00:00:00,Edmund
Collins Inc,9/8/2018,2021-01-01 00:00:00,Emmanuel Chude
Kassulke-Batz,8/28/2019,2019-09-11 00:00:00,Nancy Oluomachi
"Zulauf, Monahan and Hilll",11/4/2018,2018-11-25 00:00:00,Emeka Emeka
"Muller, Barton and Klocko",9/12/2018,2018-10-03 00:00:00,Edmund
Lueilwitz-Grant,4/13/2019,2019-05-04 00:00:00,Temitope Angela
Fisher LLC,11/12/2019,2021-01-01 00:00:00,
Prosacco and Sons,3/31/2019,2021-01-01 00:00:00,
VonRueden-Oberbrunner,8/24/2020,2020-08-31 00:00:00,
Conroy Group,10/21/2019,2019-11-04 00:00:00,Nancy Oluomachi
Gerhold-Hodkiewicz,9/17/2019,2019-10-01 00:00:00,Edmund
Cole Inc,4/15/2019,2019-04-29 00:00:00,
Bartell-Bogisich,3/26/2019,2019-04-16 00:00:00,
Erdman LLC,11/20/2019,2019-12-04 00:00:00,Emmanuel Chude
Strosin-Ritchie,8/13/2020,2020-09-03 00:00:00,Patric NwaezeUbong
Marvin-Kuhn,12/18/2018,2019-01-08 00:00:00,Patric NwaezeUbong
"Hoeger, Lueilwitz and Bednar",6/4/2019,2019-06-11 00:00:00,Edmund
Ankunding and Sons,6/21/2019,2021-01-01 00:00:00,Nancy Oluomachi
Johns LLC,4/26/2019,2019-05-17 00:00:00,Nancy Oluomachi
Bruen-Boyer,10/28/2019,2019-11-04 00:00:00,Patric NwaezeUbong
Lesch LLC,12/15/2018,2018-12-22 00:00:00,Nancy Oluomachi
Langosh Group,9/21/2019,2019-09-28 00:00:00,Edmund
Zemlak-Altenwerth,12/15/2018,2021-01-01 00:00:00,
Abbott and Sons,8/4/2019,2021-01-01 00:00:00,
"Sauer, Hintz and Pfeffer",5/25/2019,2019-06-15 00:00:00,Emmanuel Chude
"Hoeger, Satterfield and Erdman",4/20/2020,2020-05-11 00:00:00,
Kris Group,1/24/2019,2019-02-07 00:00:00,Edmund
Kemmer Group,1/11/2020,2020-01-25 00:00:00,Temitope Angela
Hackett-Morar,8/3/2019,2019-08-10 00:00:00,Nancy Oluomachi
Effertz-Klocko,8/9/2019,2019-08-23 00:00:00,Emeka Emeka
Kshlerin and Sons,8/27/2020,2020-09-03 00:00:00,Emeka Emeka
Gutmann-Mitchell,9/22/2019,2019-10-13 00:00:00,Emmanuel Chude
Wilderman Inc,1/4/2019,2019-01-25 00:00:00,Edmund
Davis Inc,3/8/2019,2019-03-22 00:00:00,Edmund
Langosh Inc,7/5/2020,2020-07-19 00:00:00,Edmund
Wisoky-Bergstrom,8/30/2020,2020-12-09 00:00:00,Emeka Emeka
Goyette LLC,10/1/2018,2018-10-15 00:00:00,Emmanuel Chude
Hauck LLC,6/26/2019,2019-07-03 00:00:00,
"O'Connell, Von and Larson",7/29/2019,2019-12-09 00:00:00,Nancy Oluomachi
Glover-Kuhlman,8/2/2020,2020-08-09 00:00:00,Nancy Oluomachi
"Runolfsdottir, Bashirian and Lebsack",6/22/2019,2019-07-13 00:00:00,Nancy Oluomachi
"Kozey, Crist and Hickle",6/9/2020,2020-12-09 00:00:00,Edmund
Walker-Klein,12/15/2019,2020-01-05 00:00:00,Emmanuel Chude
Farrell-Baumbach,11/19/2018,2018-12-10 00:00:00,Patric NwaezeUbong
"Kilback, Jacobi and Wuckert",8/4/2019,2019-08-18 00:00:00,
Schimmel Inc,1/20/2019,2019-02-03 00:00:00,Nancy Oluomachi
Ullrich Inc,4/12/2019,2019-05-03 00:00:00,Emeka Emeka
Rau-Kuphal,1/6/2019,2019-01-20 00:00:00,Emmanuel Chude
Hickle-Harber,12/6/2019,2019-12-27 00:00:00,Edmund
Runolfsdottir Inc,7/23/2020,2021-01-01 00:00:00,Patric NwaezeUbong
Jones-Weber,9/18/2018,2018-09-25 00:00:00,Edmund
Goyette and Sons,6/6/2019,2019-06-13 00:00:00,Nancy Oluomachi
Hodkiewicz-Ledner,7/6/2019,2019-07-27 00:00:00,
Dietrich-Littel,10/3/2018,2019-12-09 00:00:00,Emeka Emeka
"Dooley, Dietrich and Block",7/22/2020,2020-08-05 00:00:00,Temitope Angela
Moen Group,1/6/2020,2020-01-20 00:00:00,
Wintheiser Group,2/20/2019,2019-03-06 00:00:00,
Bergstrom and Sons,11/23/2019,2020-12-09 00:00:00,Nancy Oluomachi
Zemlak Group,12/14/2018,2019-12-09 00:00:00,Patric NwaezeUbong
Ortiz Inc,9/6/2018,2018-09-13 00:00:00,Nancy Oluomachi
"Skiles, Thiel and Green",6/30/2020,2021-12-09 00:00:00,Edmund
"Schimmel, Doyle and Bauch",9/28/2018,2019-12-09 00:00:00,
Bartell-Kling,11/23/2018,2018-12-14 00:00:00,Patric NwaezeUbong
Cassin and Sons,6/22/2019,2019-07-06 00:00:00,Emmanuel Chude
"Runte, Koepp and Murphy",1/31/2019,2019-02-07 00:00:00,Emmanuel Chude
"Haag, Hyatt and Hirthe",10/16/2018,2021-01-01 00:00:00,Patric NwaezeUbong
"Ruecker, Greenholt and DuBuque",11/27/2018,2018-12-04 00:00:00,Patric NwaezeUbong
Buckridge-Klocko,9/6/2019,2019-09-27 00:00:00,Edmund
"Stehr, Hansen and Buckridge",8/8/2020,2020-08-29 00:00:00,
Rice LLC,7/2/2019,2020-12-09 00:00:00,Edmund
Schneider-Hackett,8/9/2020,2020-08-23 00:00:00,Edmund
"Quitzon, Murphy and Kuhic",10/25/2019,2020-12-09 00:00:00,Emeka Emeka
"Kreiger, Terry and Schuppe",9/11/2018,2018-10-02 00:00:00,Temitope Angela
Schneider Inc,11/7/2019,2019-11-28 00:00:00,Emmanuel Chude
Shanahan Group,4/8/2020,2020-04-15 00:00:00,Temitope Angela
"Hickle, Fritsch and Klein",11/30/2019,2020-12-09 00:00:00,Temitope Angela
"VonRueden, Bartell and McKenzie",8/10/2020,2020-08-17 00:00:00,Patric NwaezeUbong
Lebsack-Ullrich,3/11/2019,2019-03-25 00:00:00,Emmanuel Chude
"Upton, Lebsack and Stamm",5/14/2020,2021-12-09 00:00:00,Emmanuel Chude
Durgan and Sons,12/13/2019,2019-12-27 00:00:00,Patric NwaezeUbong
Stracke LLC,12/13/2019,2020-01-03 00:00:00,Temitope Angela
"Goodwin, Maggio and Conn",8/7/2020,2020-08-14 00:00:00,Nancy Oluomachi
Pagac and Sons,9/9/2018,2018-09-30 00:00:00,Patric NwaezeUbong
Koepp-Purdy,5/27/2019,2021-01-01 00:00:00,Nancy Oluomachi
Hane Inc,7/5/2019,2019-07-19 00:00:00,Patric NwaezeUbong
"Ebert, Trantow and Ritchie",11/17/2019,2019-12-08 00:00:00,Edmund
Ruecker-Flatley,11/25/2019,2019-12-09 00:00:00,
Torp-Dooley,10/5/2018,2018-10-19 00:00:00,
Smith Group,12/12/2018,2019-01-02 00:00:00,Patric NwaezeUbong
Hamill-Schaden,9/6/2019,2019-09-13 00:00:00,Patric NwaezeUbong
"Pagac, Gutmann and Cassin",9/30/2019,2019-10-21 00:00:00,Patric NwaezeUbong
Kuhic and Sons,1/29/2020,2020-02-05 00:00:00,Patric NwaezeUbong
Streich-Terry,9/2/2018,2019-12-09 00:00:00,
Dare-Abshire,3/2/2020,2020-12-07 00:00:00,Emeka Emeka
"Towne, Fritsch and Mohr",5/17/2020,2020-05-24 00:00:00,Emeka Emeka
Kshlerin and Sons,7/11/2019,2019-07-18 00:00:00,Emeka Emeka
Nader-Auer,9/27/2018,2018-10-11 00:00:00,
"Terry, Blick and Schmidt",7/5/2019,2019-07-12 00:00:00,Emeka Emeka
Flatley Group,10/23/2018,2018-11-06 00:00:00,
Heaney-Dicki,1/29/2020,2020-02-05 00:00:00,Edmund
Zulauf LLC,10/19/2018,2018-10-26 00:00:00,
Williamson Inc,5/11/2020,2020-05-18 00:00:00,Emmanuel Chude
Metz and Sons,12/16/2019,2019-12-23 00:00:00,Emmanuel Chude
"Daugherty, Donnelly and Durgan",2/2/2019,2019-02-16 00:00:00,Nancy Oluomachi
Baumbach and Sons,3/20/2019,2019-03-27 00:00:00,Edmund
"Gleason, Cartwright and Douglas",7/7/2020,2020-07-14 00:00:00,Emmanuel Chude
Gleason-Berge,2/2/2019,2019-02-23 00:00:00,
"Kertzmann, Maggio and Considine",5/28/2019,2021-01-01 00:00:00,Nancy Oluomachi
Huels Inc,3/15/2019,2019-04-05 00:00:00,Temitope Angela
Breitenberg-Ullrich,11/10/2019,2019-12-12 00:00:00,Nancy Oluomachi
Considine Group,3/24/2019,2019-04-14 00:00:00,Edmund
"Senger, Wintheiser and Brown",2/18/2020,2020-02-25 00:00:00,Nancy Oluomachi
Predovic and Sons,10/26/2019,2019-11-16 00:00:00,Emmanuel Chude
"Kris, Donnelly and Zulauf",2/10/2020,2021-01-01 00:00:00,Patric NwaezeUbong
"Sawayn, Lemke and Gleason",12/7/2019,9/12/202,Patric NwaezeUbong
"Olson, Metz and Jacobson",10/25/2019,2021-01-01 00:00:00,
Botsford LLC,10/3/2019,2019-10-17 00:00:00,
"Smitham, Mayer and Bruen",5/31/2019,2019-06-14 00:00:00,Temitope Angela
Stroman-Koss,3/20/2020,2020-04-03 00:00:00,Temitope Angela
Heathcote-Miller,1/8/2019,2019-01-15 00:00:00,Patric NwaezeUbong
Schiller-Kuhlman,6/21/2019,2021-01-01 00:00:00,Emmanuel Chude
"Sipes, Corwin and Christiansen",10/6/2018,2021-01-01 00:00:00,Nancy Oluomachi
"Spinka, Smith and Kutch",10/10/2019,2019-10-17 00:00:00,Patric NwaezeUbong
"Witting, Hickle and Donnelly",5/20/2019,2019-06-10 00:00:00,Temitope Angela
Jones-Brekke,6/7/2019,2019-06-21 00:00:00,Nancy Oluomachi
Paucek Inc,2/6/2019,2021-01-01 00:00:00,
Quigley-Raynor,6/8/2019,2021-01-01 00:00:00,Temitope Angela
Will LLC,2/17/2019,2021-01-01 00:00:00,Nancy Oluomachi
Hansen and Sons,5/14/2019,2019-05-21 00:00:00,Emeka Emeka
Tromp-Hoppe,8/12/2019,2021-01-01 00:00:00,Emeka Emeka
Heaney Group,11/7/2018,2018-11-28 00:00:00,Temitope Angela
Cremin-O'Hara,7/15/2019,2019-07-22 00:00:00,
Williamson and Sons,1/4/2019,2019-01-18 00:00:00,Emeka Emeka
"Howe, Connelly and Von",1/11/2020,2020-02-01 00:00:00,
Walter and Sons,2/6/2019,2021-01-01 00:00:00,
Mohr-Waters,9/29/2019,2019-10-06 00:00:00,Emmanuel Chude
Murphy LLC,1/1/2019,2019-01-15 00:00:00,Edmund
Conroy LLC,11/13/2019,2019-11-20 00:00:00,Nancy Oluomachi
Adams LLC,7/13/2020,2020-07-27 00:00:00,Emeka Emeka
Schmidt-Rodriguez,11/8/2019,2019-11-15 00:00:00,Emmanuel Chude
Smitham-Abernathy,1/29/2019,2019-02-19 00:00:00,Emmanuel Chude
Heller-Rolfson,6/24/2020,2020-07-15 00:00:00,
Johns-Tromp,2/4/2019,2019-02-11 00:00:00,Emeka Emeka
"Gleason, Johnston and Metz",8/6/2019,2019-08-27 00:00:00,Temitope Angela
VonRueden Inc,9/6/2018,2018-09-20 00:00:00,Emmanuel Chude
Harvey-Hackett,11/3/2019,2021-01-01 00:00:00,Emmanuel Chude
"Rippin, Sipes and Bednar",1/14/2020,2021-01-01 00:00:00,Emmanuel Chude
"Bartoletti, Heller and Lemke",12/30/2019,2020-01-20 00:00:00,Nancy Oluomachi
Olson Inc,10/13/2018,2021-01-01 00:00:00,Patric NwaezeUbong
"Jerde, Pfannerstill and Weissnat",5/26/2019,2021-01-01 00:00:00,Emeka Emeka
"Will, Weber and Johnson",4/20/2020,2020-05-04 00:00:00,Temitope Angela
Cronin Inc,6/6/2019,2021-01-01 00:00:00,Temitope Angela
Marquardt-Hilll,4/6/2020,2020-04-13 00:00:00,
"Haag, Huels and Tillman",3/5/2020,2020-03-19 00:00:00,
Wehner and Sons,10/2/2019,2019-10-16 00:00:00,Nancy Oluomachi
"Toy, Legros and Hills",1/10/2020,2021-01-01 00:00:00,Emeka Emeka
Wisoky-Durgan,3/14/2019,2019-03-28 00:00:00,
Koss LLC,8/9/2020,2020-08-30 00:00:00,Emeka Emeka
"Gerhold, King and Hammes",6/30/2019,2021-01-01 00:00:00,
"Kulas, Maggio and Sawayn",9/12/2018,2021-01-01 00:00:00,Emmanuel Chude
Wolff-Pouros,3/23/2019,2019-04-06 00:00:00,Emmanuel Chude
Kerluke Group,6/29/2019,2021-01-01 00:00:00,Emmanuel Chude
Boyer-Ritchie,1/28/2020,2020-02-18 00:00:00,Nancy Oluomachi
"Kling, Bayer and Kuhic",8/2/2020,2021-01-01 00:00:00,Nancy Oluomachi
"Romaguera, Schinner and Lindgren",2/14/2020,2020-03-06 00:00:00,Patric NwaezeUbong
Lubowitz LLC,4/21/2019,2019-05-05 00:00:00,Edmund
Cole and Sons,1/15/2019,2021-01-01 00:00:00,Emeka Emeka
"Muller, Runolfsson and Romaguera",5/11/2020,2020-06-01 00:00:00,Patric NwaezeUbong
DuBuque Inc,12/12/2018,2021-01-01 00:00:00,Temitope Angela
Prohaska-Dickens,12/8/2019,2019-12-22 00:00:00,
Swaniawski Inc,1/19/2020,2021-01-01 00:00:00,Emmanuel Chude
Turcotte Group,2/5/2019,2019-02-19 00:00:00,Nancy Oluomachi
Schulist Group,3/22/2019,2019-04-12 00:00:00,Patric NwaezeUbong
Hayes-Dickens,10/23/2019,2019-10-30 00:00:00,Patric NwaezeUbong
Beahan and Sons,2/15/2019,2021-01-01 00:00:00,Emeka Emeka
Metz-Rowe,12/2/2019,2019-12-09 00:00:00,Edmund
Waelchi-Graham,10/17/2019,2021-01-01 00:00:00,
"Bernhard, Stoltenberg and Emmerich",3/9/2020,2020-03-16 00:00:00,Emmanuel Chude
"King, Lehner and Cremin",12/13/2018,2019-01-03 00:00:00,Emeka Emeka
Aufderhar-O'Hara,6/18/2019,2021-01-01 00:00:00,Patric NwaezeUbong
Weimann and Sons,10/1/2018,2018-10-08 00:00:00,Emmanuel Chude
"Streich, Ledner and Hauck",9/26/2019,2019-10-10 00:00:00,Emeka Emeka
"Raynor, Dickens and Senger",4/30/2019,2021-01-01 00:00:00,Emmanuel Chude
Blick-Barton,8/18/2020,2020-09-08 00:00:00,Edmund
Effertz-Schuppe,4/29/2019,2019-05-20 00:00:00,Edmund
"Jenkins, Toy and Fahey",5/29/2020,2020-06-19 00:00:00,
Graham Inc,9/15/2020,2020-10-06 00:00:00,Emmanuel Chude
"Kilback, Smith and Tillman",6/26/2019,2021-01-01 00:00:00,Temitope Angela
Harber-Veum,1/21/2020,2021-01-01 00:00:00,
"Krajcik, Blanda and Hessel",5/24/2019,2019-05-31 00:00:00,Patric NwaezeUbong
Hansen and Sons,3/31/2019,2021-01-01 00:00:00,Emeka Emeka
Runolfsson-Schaden,7/12/2019,2019-07-19 00:00:00,Emeka Emeka
Corwin Group,12/22/2019,2019-12-29 00:00:00,Temitope Angela
Gottlieb-Graham,9/6/2018,2018-09-27 00:00:00,
Pacocha Inc,12/4/2019,2019-12-11 00:00:00,Edmund
Russel-Hartmann,8/3/2019,2021-01-01 00:00:00,
Hudson-Mayer,6/18/2019,2019-07-02 00:00:00,Temitope Angela
Shields LLC,8/2/2019,2021-01-01 00:00:00,Edmund
Rice Group,2/14/2019,2021-01-01 00:00:00,Temitope Angela
Boehm LLC,9/2/2018,2018-09-16 00:00:00,Nancy Oluomachi
"Jones, Watsica and Barrows",12/20/2019,2020-01-03 00:00:00,Emeka Emeka
"Cassin, Marvin and Lowe",4/22/2020,2021-01-01 00:00:00,Temitope Angela
"Jones, Pollich and Adams",6/24/2019,2019-07-15 00:00:00,
Koss-DuBuque,9/23/2018,2021-01-01 00:00:00,Emeka Emeka
"Schuppe, Erdman and Marquardt",11/20/2019,2021-01-01 00:00:00,
Stokes-Deckow,8/23/2020,2020-08-30 00:00:00,Emeka Emeka
Gibson-Becker,6/5/2019,2019-06-26 00:00:00,Emeka Emeka
"Botsford, Becker and Boyle",12/13/2018,2019-01-03 00:00:00,Nancy Oluomachi
Nolan-Ritchie,12/2/2018,2018-12-09 00:00:00,Temitope Angela
Emard-Hackett,12/2/2019,2019-12-09 00:00:00,Patric NwaezeUbong
Dietrich and Sons,12/7/2019,2019-12-21 00:00:00,Temitope Angela
"Ruecker, Heaney and O'Conner",5/2/2019,2021-01-01 00:00:00,Emmanuel Chude
Bosco Inc,6/10/2019,2019-07-01 00:00:00,Temitope Angela
"Frami, Farrell and Anderson",11/22/2019,2019-12-13 00:00:00,
Balistreri and Sons,12/22/2018,2019-01-12 00:00:00,
Connelly Group,4/6/2019,2021-01-01 00:00:00,Emeka Emeka
Champlin-Bartell,1/31/2019,2019-02-07 00:00:00,Emmanuel Chude
"Bruen, Goyette and Hudson",2/1/2020,2020-02-08 00:00:00,Temitope Angela
Zboncak Group,3/12/2020,2021-01-01 00:00:00,Edmund
"Dickinson, Kohler and Gleichner",10/9/2019,2021-01-01 00:00:00,
Strosin LLC,7/4/2020,2020-07-11 00:00:00,Emeka Emeka
Rempel-Hintz,2/19/2019,2019-03-12 00:00:00,Temitope Angela
Simonis LLC,4/12/2020,2021-01-01 00:00:00,
Stark-Morissette,12/17/2018,2021-01-01 00:00:00,Nancy Oluomachi
Bednar Group,12/14/2018,2019-01-04 00:00:00,Patric NwaezeUbong
West Group,9/10/2020,2020-09-17 00:00:00,Edmund
"Kessler, Jast and Dickinson",7/8/2020,2021-01-01 00:00:00,Emeka Emeka
Padberg Inc,9/27/2019,2019-10-04 00:00:00,Edmund
"Miller, Padberg and Klocko",3/29/2020,2020-04-19 00:00:00,Emeka Emeka
Volkman-Kautzer,3/30/2019,2019-04-20 00:00:00,Emeka Emeka
"Quigley, Cormier and Mertz",9/24/2019,2019-10-01 00:00:00,Nancy Oluomachi
Miller and Sons,5/29/2020,2020-06-05 00:00:00,Temitope Angela
Gulgowski LLC,6/18/2020,2020-06-25 00:00:00,Emmanuel Chude
Hilll Group,12/4/2019,2019-12-25 00:00:00,Edmund
Denesik-Blick,7/2/2020,2020-07-16 00:00:00,
Hudson and Sons,7/3/2019,2019-07-10 00:00:00,Temitope Angela
Towne and Sons,4/6/2019,2019-04-13 00:00:00,Patric NwaezeUbong
Klocko Group,4/1/2019,2019-04-08 00:00:00,Emeka Emeka
"Gulgowski, Bechtelar and Carter",3/15/2019,2019-04-05 00:00:00,Nancy Oluomachi
Gutkowski Group,3/2/2020,2020-03-23 00:00:00,Emmanuel Chude
Brakus-Conroy,10/30/2019,2019-11-13 00:00:00,Patric NwaezeUbong
Kling-Brekke,3/19/2019,2019-04-02 00:00:00,Edmund
Braun-Quitzon,10/13/2018,2021-01-01 00:00:00,Edmund
Trantow LLC,8/5/2019,2021-01-01 00:00:00,Edmund
"MacGyver, Ledner and Heidenreich",6/21/2020,2020-07-05 00:00:00,Edmund
Kessler-McClure,10/28/2019,2019-11-04 00:00:00,Edmund
Adams Group,2/28/2019,2019-03-14 00:00:00,Emeka Emeka
Hills Inc,3/13/2020,2020-04-03 00:00:00,Temitope Angela
"Zboncak, Casper and McLaughlin",8/3/2020,2020-08-10 00:00:00,Temitope Angela
"Casper, Hodkiewicz and Kautzer",3/22/2020,2020-04-05 00:00:00,
Denesik-Reinger,12/23/2018,2019-01-13 00:00:00,Edmund
Osinski-Kub,11/8/2019,2019-11-29 00:00:00,Emmanuel Chude
Hane-Kozey,4/23/2019,2021-01-01 00:00:00,Patric NwaezeUbong
Veum LLC,2/13/2020,2021-01-01 00:00:00,Patric NwaezeUbong
Jacobson LLC,5/22/2019,2019-05-29 00:00:00,Edmund
Zboncak Inc,11/22/2018,2018-12-13 00:00:00,Emmanuel Chude
Bernhard LLC,9/18/2020,2020-10-09 00:00:00,Nancy Oluomachi
"Hansen, Zemlak and Hessel",7/28/2020,2020-08-11 00:00:00,Edmund
Reilly Inc,12/13/2018,2019-01-03 00:00:00,Patric NwaezeUbong
Langosh Inc,11/11/2018,2018-12-02 00:00:00,Temitope Angela
Adams-Macejkovic,7/27/2020,2020-08-17 00:00:00,Nancy Oluomachi
"Emmerich, Homenick and Funk",2/5/2019,2019-02-19 00:00:00,Emeka Emeka
Powlowski-Cassin,6/5/2020,2020-06-12 00:00:00,Emmanuel Chude
Langworth LLC,12/4/2019,2021-01-01 00:00:00,Edmund
"Sawayn, Dickinson and Balistreri",1/14/2019,2019-02-04 00:00:00,Emmanuel Chude
"Mueller, Langosh and Haag",10/30/2019,2019-11-06 00:00:00,Patric NwaezeUbong
"Wisozk, White and Smith",2/13/2020,2020-02-20 00:00:00,Edmund
Batz Inc,1/12/2019,2019-01-26 00:00:00,Nancy Oluomachi
"Torp, Rath and Hettinger",11/21/2019,2019-12-12 00:00:00,Patric NwaezeUbong
"Donnelly, Brown and Renner",2/19/2020,2020-03-11 00:00:00,Temitope Angela
"Veum, Fisher and Casper",1/11/2019,2019-02-01 00:00:00,Emeka Emeka
"Osinski, Corkery and Rath",12/4/2018,2021-01-01 00:00:00,
Krajcik and Sons,6/20/2020,2020-07-04 00:00:00,Temitope Angela
"Hackett, Koepp and Kihn",9/16/2020,2020-09-23 00:00:00,Edmund
Turner-Daugherty,1/18/2020,2020-02-01 00:00:00,Emeka Emeka
"Stanton, Beier and Reilly",12/23/2019,2021-01-01 00:00:00,Edmund
"Osinski, Renner and Witting",10/14/2018,2018-11-04 00:00:00,Emeka Emeka
Hirthe-Nitzsche,12/17/2019,2021-01-01 00:00:00,Patric NwaezeUbong
Bechtelar-Ortiz,9/19/2018,2021-01-01 00:00:00,Nancy Oluomachi
Metz and Sons,10/12/2019,2019-10-19 00:00:00,Edmund
"Stracke, Ferry and Aufderhar",7/7/2019,2021-01-01 00:00:00,Nancy Oluomachi
Stiedemann Group,4/16/2019,2021-01-01 00:00:00,Nancy Oluomachi
"Kuhn, McClure and Prohaska",11/8/2019,2021-01-01 00:00:00,Emmanuel Chude
Welch and Sons,9/17/2019,2021-01-01 00:00:00,Temitope Angela
"Lind, Auer and Schuster",7/3/2019,2019-07-10 00:00:00,Emeka Emeka
"Keebler, Wisoky and Bins",10/1/2019,2021-01-01 00:00:00,
Nicolas-Hirthe,1/30/2020,2021-01-01 00:00:00,Emeka Emeka
"Satterfield, Schowalter and Roberts",9/12/2019,2019-10-03 00:00:00,Temitope Angela
Stroman Inc,2/9/2019,2021-01-01 00:00:00,Patric NwaezeUbong
Bradtke and Sons,12/5/2019,2019-12-12 00:00:00,Emeka Emeka
Yost LLC,4/26/2019,2019-05-10 00:00:00,
"Oberbrunner, Fisher and Toy",1/23/2020,2020-02-06 00:00:00,
Bartoletti Inc,6/13/2020,2021-01-01 00:00:00,Emeka Emeka
"Sauer, Welch and Bayer",6/25/2020,2020-07-02 00:00:00,Nancy Oluomachi
Bogan-Reilly,10/13/2019,2019-10-20 00:00:00,Temitope Angela
Cronin Group,9/11/2019,2019-09-18 00:00:00,Emmanuel Chude
O'Hara LLC,6/13/2019,2021-01-01 00:00:00,Emmanuel Chude
Conroy Inc,3/23/2019,2019-03-30 00:00:00,Temitope Angela
"Walker, Sipes and Howe",12/14/2018,2018-12-28 00:00:00,Temitope Angela
Renner Inc,2/3/2020,2021-01-01 00:00:00,
Turcotte Group,5/20/2019,2019-05-27 00:00:00,Emeka Emeka
Rogahn-Toy,3/19/2019,2019-03-26 00:00:00,Temitope Angela
"Schroeder, Wolff and Muller",1/9/2019,2019-01-23 00:00:00,Temitope Angela
Hauck-Cassin,10/10/2019,2021-01-01 00:00:00,
"Little, Feil and King",1/28/2020,2020-02-11 00:00:00,
"Rosenbaum, Vandervort and Mraz",4/28/2019,2019-05-12 00:00:00,Nancy Oluomachi
Osinski-Jones,5/11/2020,2020-06-01 00:00:00,Edmund
Cole and Sons,4/21/2020,2021-01-01 00:00:00,
Grant Inc,4/29/2020,2020-05-06 00:00:00,Nancy Oluomachi
"Littel, Feest and Collier",4/3/2020,2020-04-24 00:00:00,
"Labadie, Carter and Senger",4/10/2019,2019-04-24 00:00:00,
Ziemann Group,1/11/2019,2019-02-01 00:00:00,Emmanuel Chude
Veum and Sons,8/23/2019,2021-01-01 00:00:00,Edmund
Satterfield-Kuphal,6/3/2019,2019-06-17 00:00:00,Emeka Emeka
Legros-Veum,3/23/2020,2021-01-01 00:00:00,Patric NwaezeUbong
Harber-Balistreri,10/27/2019,2019-11-03 00:00:00,Patric NwaezeUbong
Balistreri-Effertz,11/21/2018,2018-12-12 00:00:00,Patric NwaezeUbong
"Aufderhar, Reilly and Bruen",12/5/2018,2018-12-19 00:00:00,Emmanuel Chude
Lemke-Gorczany,4/5/2020,2020-04-12 00:00:00,
Jacobs-Lynch,5/26/2019,2021-01-01 00:00:00,Patric NwaezeUbong
"Hyatt, Schaden and Luettgen",12/7/2019,2021-01-01 00:00:00,Temitope Angela
Schmeler LLC,5/25/2019,2021-01-01 00:00:00,Patric NwaezeUbong
Bradtke-Volkman,11/7/2019,2019-11-28 00:00:00,Emmanuel Chude
"Schamberger, Flatley and Lubowitz",11/17/2019,2019-11-24 00:00:00,Emeka Emeka
Muller-Weber,9/9/2019,2019-09-30 00:00:00,Patric NwaezeUbong
Schroeder-Brekke,9/30/2020,2020-10-14 00:00:00,Temitope Angela
Heathcote-Turcotte,8/24/2020,2021-01-01 00:00:00,
Funk-Bartell,12/12/2019,2019-12-26 00:00:00,Patric NwaezeUbong
Schneider-Mueller,12/26/2018,2021-01-01 00:00:00,Nancy Oluomachi
McGlynn and Sons,12/13/2018,2018-12-27 00:00:00,Nancy Oluomachi
"Runolfsson, Rau and Kerluke",11/12/2018,2018-12-03 00:00:00,Patric NwaezeUbong
Feil-Kub,5/8/2019,2019-05-15 00:00:00,Emmanuel Chude
"White, Osinski and Gleichner",7/31/2019,2019-08-07 00:00:00,Nancy Oluomachi
King Inc,11/20/2018,2018-11-27 00:00:00,Edmund
"Cremin, DuBuque and Schaden",3/5/2019,2019-03-19 00:00:00,Nancy Oluomachi
Feest-Frami,12/27/2019,2021-01-01 00:00:00,
Balistreri Group,2/2/2019,2019-02-16 00:00:00,
Robel and Sons,9/28/2018,2021-01-01 00:00:00,Temitope Angela
Gusikowski Group,9/2/2019,2021-01-01 00:00:00,
Cummings LLC,7/28/2019,2019-08-04 00:00:00,
Collier-D'Amore,8/14/2019,2019-09-04 00:00:00,
Kulas and Sons,3/16/2020,2020-04-06 00:00:00,
Cummerata Inc,3/7/2019,2019-03-28 00:00:00,Patric NwaezeUbong
Williamson-Aufderhar,4/28/2019,2019-05-19 00:00:00,Patric NwaezeUbong
"Gibson, Jacobson and Torphy",11/4/2019,2019-11-18 00:00:00,Nancy Oluomachi
Runolfsdottir LLC,3/27/2020,2020-04-17 00:00:00,Nancy Oluomachi
Renner Group,11/17/2018,2018-12-08 00:00:00,
Hilpert Group,5/7/2020,2020-05-28 00:00:00,
O'Reilly and Sons,7/4/2019,2021-01-01 00:00:00,Edmund
"Swift, Kessler and Rath",1/10/2020,2021-01-01 00:00:00,
Bergnaum-Runolfsson,8/5/2020,2020-08-12 00:00:00,Emmanuel Chude
Luettgen Group,2/2/2020,2021-01-01 00:00:00,Nancy Oluomachi
Botsford-Mraz,9/14/2020,2020-09-28 00:00:00,Temitope Angela
"Heaney, Kessler and Volkman",5/30/2020,2021-01-01 00:00:00,Nancy Oluomachi
Rowe-Muller,3/13/2020,2020-04-03 00:00:00,
"Gerhold, Huel and Schmeler",7/3/2019,2019-07-17 00:00:00,Temitope Angela
Fritsch and Sons,6/6/2020,2021-01-01 00:00:00,Emeka Emeka
Connelly and Sons,11/22/2019,2021-01-01 00:00:00,Temitope Angela
Anderson Group,1/6/2019,2019-01-13 00:00:00,
Oberbrunner-Mueller,11/3/2018,2018-11-10 00:00:00,Patric NwaezeUbong
"Sauer, Moen and Yost",12/28/2019,2020-01-11 00:00:00,Emmanuel Chude
Cremin and Sons,6/11/2019,2019-07-02 00:00:00,Edmund
"Hartmann, Schuppe and Hand",8/30/2019,2019-09-20 00:00:00,Emmanuel Chude
Watsica-Kessler,8/24/2019,2021-01-01 00:00:00,Edmund
Bailey Inc,2/18/2019,2019-02-25 00:00:00,Emeka Emeka
Boyer-Botsford,6/12/2020,2020-07-03 00:00:00,Temitope Angela
"Toy, Paucek and Murray",3/25/2020,2020-04-01 00:00:00,Temitope Angela
Kulas LLC,6/12/2019,2019-07-03 00:00:00,Edmund
"Hauck, Cruickshank and Ondricka",9/16/2018,2018-09-30 00:00:00,
Kuvalis-Wuckert,1/14/2019,2021-01-01 00:00:00,Edmund
"Block, Casper and Tremblay",10/22/2019,2021-01-01 00:00:00,Emmanuel Chude
Bashirian LLC,6/28/2019,2019-07-19 00:00:00,Patric NwaezeUbong
Crooks and Sons,4/8/2020,2020-04-22 00:00:00,Edmund
Labadie-Beahan,11/17/2018,2018-12-08 00:00:00,Temitope Angela
Kassulke LLC,10/19/2018,2018-10-26 00:00:00,Edmund
Ondricka-Ritchie,3/27/2020,2021-01-01 00:00:00,
Sporer-Miller,10/7/2018,2021-01-01 00:00:00,Emmanuel Chude
"Skiles, Schumm and Mueller",1/21/2020,2020-02-11 00:00:00,
Nienow-Schamberger,6/7/2020,2020-06-28 00:00:00,Patric NwaezeUbong
"Lindgren, Morar and Mraz",9/25/2019,2021-01-01 00:00:00,Edmund
Walker-Little,2/27/2020,2020-03-05 00:00:00,Edmund
Dibbert and Sons,12/13/2019,2020-01-03 00:00:00,Nancy Oluomachi
Okuneva-Lockman,12/5/2019,2019-12-12 00:00:00,
Barrows Inc,9/2/2018,2018-09-23 00:00:00,Nancy Oluomachi
Kautzer LLC,10/20/2019,2021-01-01 00:00:00,Edmund
Fadel Group,5/31/2020,2020-06-21 00:00:00,Temitope Angela
"Ullrich, Shanahan and Stoltenberg",5/27/2019,2019-06-03 00:00:00,Nancy Oluomachi
Beer Inc,12/26/2018,2019-01-16 00:00:00,Patric NwaezeUbong
"Monahan, Mayer and Gleason",1/12/2019,2019-01-19 00:00:00,Edmund
Lueilwitz LLC,5/13/2019,2019-06-03 00:00:00,Nancy Oluomachi
"Lemke, Heathcote and Durgan",9/28/2020,2021-01-01 00:00:00,Emmanuel Chude
Bayer-Homenick,12/10/2019,2019-12-17 00:00:00,Emeka Emeka
Powlowski Inc,6/15/2019,2021-01-01 00:00:00,Edmund
Hand-Osinski,4/6/2020,2021-01-01 00:00:00,
"Borer, Zboncak and Morar",10/5/2018,2018-10-26 00:00:00,Edmund
"O'Keefe, Gottlieb and Flatley",3/14/2019,2019-03-28 00:00:00,Edmund
Hintz-Sporer,12/27/2018,2021-01-01 00:00:00,
Lakin-Kulas,6/21/2020,2020-07-12 00:00:00,Nancy Oluomachi
"Grant, Walter and Grady",1/25/2020,2020-02-15 00:00:00,
"Goodwin, Lueilwitz and Kovacek",6/22/2020,2021-01-01 00:00:00,
Reinger Inc,3/23/2019,2019-03-30 00:00:00,Temitope Angela
Roob LLC,10/16/2019,2021-01-01 00:00:00,Emeka Emeka
Hilll LLC,5/13/2019,2019-05-27 00:00:00,Emeka Emeka
Gleason and Sons,6/28/2020,2020-07-19 00:00:00,Emmanuel Chude
"Schumm, Ankunding and Mertz",9/14/2020,2020-09-28 00:00:00,Patric NwaezeUbong
Walker-Brekke,4/14/2019,2019-05-05 00:00:00,
"Lueilwitz, King and Feeney",2/13/2020,2020-03-05 00:00:00,Emmanuel Chude
"Hahn, Ondricka and Olson",6/5/2019,2019-06-26 00:00:00,Temitope Angela
Lynch-Cruickshank,11/6/2019,2021-01-01 00:00:00,
Bernhard Inc,9/23/2020,2020-10-07 00:00:00,Emeka Emeka
"Marvin, Brekke and Cassin",7/30/2020,2020-08-06 00:00:00,Edmund
McDermott-Block,8/14/2020,2020-08-21 00:00:00,Emeka Emeka
"Hammes, Spinka and Reilly",10/22/2019,2019-11-12 00:00:00,Emmanuel Chude
Beer Inc,7/16/2019,2019-08-06 00:00:00,Nancy Oluomachi
Doyle Group,12/8/2018,2018-12-22 00:00:00,Emmanuel Chude
"Gerlach, Wolff and Luettgen",4/13/2020,2020-05-04 00:00:00,Temitope Angela
Stanton-Hettinger,9/7/2018,2021-01-01 00:00:00,Emmanuel Chude
Lockman-Feeney,7/17/2019,2021-01-01 00:00:00,Edmund
Nikolaus-Hilpert,4/9/2020,2020-04-23 00:00:00,Emmanuel Chude
"Hegmann, Koelpin and Cassin",6/6/2019,2019-06-27 00:00:00,Temitope Angela
"Cassin, Trantow and Feil",8/7/2019,2019-08-21 00:00:00,Emeka Emeka
"Thiel, Huels and Yundt",7/19/2020,2020-08-02 00:00:00,
"Kovacek, Hansen and Marvin",7/6/2019,2019-07-27 00:00:00,Emeka Emeka
Bergnaum-McGlynn,12/1/2019,2019-12-08 00:00:00,
Altenwerth-Schamberger,2/27/2019,2019-03-13 00:00:00,Edmund
Purdy-Schiller,4/7/2020,2020-04-28 00:00:00,Emmanuel Chude
O'Reilly-Schowalter,8/1/2019,2019-08-22 00:00:00,Emmanuel Chude
Bauch-Daugherty,9/28/2018,2021-01-01 00:00:00,
Hermann Inc,5/25/2019,2019-06-15 00:00:00,Nancy Oluomachi
"Roberts, Raynor and Pfeffer",7/19/2020,2021-01-01 00:00:00,Patric NwaezeUbong
"Moore, Grant and Carroll",1/31/2020,2020-02-14 00:00:00,Edmund
Rolfson Inc,2/15/2019,2021-01-01 00:00:00,Emeka Emeka
"Abshire, Vandervort and Bruen",6/7/2019,2019-06-21 00:00:00,Edmund
Sawayn Group,9/12/2019,2019-09-19 00:00:00,
"Dibbert, Torp and Tremblay",3/8/2019,2019-03-29 00:00:00,Temitope Angela
"Stanton, Robel and Beier",9/11/2019,2019-09-25 00:00:00,Nancy Oluomachi
"Schiller, Wiegand and Jones",3/19/2019,2019-04-09 00:00:00,Patric NwaezeUbong
Rice-Carter,5/19/2019,2019-06-02 00:00:00,
Gusikowski and Sons,7/31/2020,2020-08-07 00:00:00,
Stark and Sons,2/7/2020,2020-02-14 00:00:00,
"Pouros, Glover and Koch",11/10/2018,2018-12-01 00:00:00,
"Bradtke, McClure and Runolfsson",8/19/2019,2021-01-01 00:00:00,Nancy Oluomachi
"Oberbrunner, Harber and Hauck",10/22/2019,2019-11-12 00:00:00,
Conn Group,6/24/2019,2019-07-01 00:00:00,Patric NwaezeUbong
"Roob, Macejkovic and Gislason",11/16/2018,2021-01-01 00:00:00,Patric NwaezeUbong
Collier-Hand,5/3/2020,2020-05-10 00:00:00,Emmanuel Chude
Leffler Inc,8/6/2019,2019-08-27 00:00:00,Nancy Oluomachi
"Kirlin, Huels and Beer",12/22/2018,2019-01-12 00:00:00,Temitope Angela
Krajcik-Bins,8/10/2019,2019-08-31 00:00:00,
Gutkowski and Sons,3/22/2020,2020-03-29 00:00:00,Emeka Emeka
"Barrows, Ernser and Marks",9/7/2018,2018-09-28 00:00:00,Patric NwaezeUbong
"Wolff, Daugherty and Pagac",7/29/2020,2020-08-12 00:00:00,Nancy Oluomachi
"Bogisich, Walsh and Auer",10/19/2018,2021-01-01 00:00:00,Edmund
Runolfsson and Sons,6/29/2019,2019-07-13 00:00:00,
"Bartell, Miller and Flatley",1/23/2019,2019-02-06 00:00:00,Edmund
"Hudson, Hamill and Reynolds",12/7/2018,2018-12-14 00:00:00,Nancy Oluomachi
Goyette-Daugherty,9/30/2018,2018-10-07 00:00:00,Patric NwaezeUbong
Crooks-Bernhard,2/10/2020,2020-02-17 00:00:00,
Hegmann Group,4/27/2019,2019-05-18 00:00:00,Nancy Oluomachi
"Ryan, Rutherford and Dietrich",12/26/2019,2020-01-16 00:00:00,Edmund
Parisian and Sons,8/14/2019,2021-01-01 00:00:00,Emeka Emeka
"Bednar, Streich and Rowe",11/25/2018,2021-01-01 00:00:00,Nancy Oluomachi
Leuschke-Runolfsson,2/5/2019,2019-02-19 00:00:00,Emeka Emeka
Conn Inc,6/24/2019,2021-01-01 00:00:00,Nancy Oluomachi
Mann-Swift,12/29/2019,2021-01-01 00:00:00,Emeka Emeka
Huel LLC,1/2/2019,2019-01-09 00:00:00,Emmanuel Chude
Goodwin-Abbott,10/25/2019,2019-11-15 00:00:00,
Lindgren Inc,9/24/2018,2018-10-01 00:00:00,Emeka Emeka
Bogisich LLC,3/1/2020,2020-03-22 00:00:00,
Gorczany Group,7/18/2019,2019-07-25 00:00:00,Emeka Emeka
Wintheiser LLC,3/2/2020,2021-01-01 00:00:00,Edmund
"Jacobs, Pouros and Jerde",5/24/2020,2020-05-31 00:00:00,Emmanuel Chude
"Spencer, Donnelly and Marvin",10/8/2019,2019-10-29 00:00:00,Temitope Angela
"Pouros, Bauch and Satterfield",12/24/2019,2020-01-14 00:00:00,Temitope Angela
Metz-Gutkowski,11/5/2018,2018-11-19 00:00:00,Patric NwaezeUbong
Rosenbaum-Predovic,9/23/2018,2018-10-14 00:00:00,
"Luettgen, Renner and Schinner",10/20/2019,2019-11-10 00:00:00,Temitope Angela
Schamberger-VonRueden,12/9/2019,2021-01-01 00:00:00,Patric NwaezeUbong
Shields-Reinger,9/2/2020,2021-01-01 00:00:00,Patric NwaezeUbong
"Lebsack, Harvey and O'Keefe",1/18/2020,2020-02-08 00:00:00,Nancy Oluomachi
"Reilly, Dickinson and Tromp",10/23/2018,2018-10-30 00:00:00,Nancy Oluomachi
"Batz, Spinka and Strosin",10/10/2019,2021-01-01 00:00:00,
Kunze LLC,11/9/2018,2018-11-30 00:00:00,Patric NwaezeUbong
"Prohaska, Kihn and Ullrich",7/26/2020,2020-08-16 00:00:00,
Spencer-Ferry,5/22/2020,2020-06-05 00:00:00,Temitope Angela
"Jast, Schimmel and Daniel",6/18/2019,2019-06-25 00:00:00,
Lubowitz Inc,8/15/2019,2019-09-05 00:00:00,Emmanuel Chude
Quitzon-Goldner,8/27/2019,2021-01-01 00:00:00,Emmanuel Chude
Padberg-Braun,1/13/2020,2020-01-20 00:00:00,
Jerde-Cruickshank,12/11/2018,2018-12-25 00:00:00,Emmanuel Chude
Kilback Group,11/19/2018,2018-12-03 00:00:00,Emeka Emeka
"Kautzer, Zieme and Breitenberg",9/2/2019,2021-01-01 00:00:00,Nancy Oluomachi
"Green, Runolfsson and Lehner",5/23/2020,2020-06-13 00:00:00,Patric NwaezeUbong
Altenwerth-Dicki,12/5/2019,2019-12-26 00:00:00,Nancy Oluomachi
Gislason-Kub,9/26/2018,2018-10-10 00:00:00,Nancy Oluomachi
"Johnston, Heidenreich and Leffler",4/4/2020,2020-04-18 00:00:00,Temitope Angela
Mayert-Berge,9/10/2020,2020-09-24 00:00:00,Patric NwaezeUbong
Wuckert and Sons,11/8/2019,2019-11-15 00:00:00,Nancy Oluomachi
"Wehner, Pfeffer and Goodwin",7/18/2020,2020-08-01 00:00:00,
"Gusikowski, Nikolaus and Hyatt",3/14/2019,2019-04-04 00:00:00,Nancy Oluomachi
Rodriguez Group,11/13/2019,2019-11-20 00:00:00,Patric NwaezeUbong
"Armstrong, Herzog and Rohan",3/10/2020,2020-03-17 00:00:00,Temitope Angela
Howe-Lubowitz,2/22/2020,2020-03-07 00:00:00,Patric NwaezeUbong
"Vandervort, Emard and Ferry",5/14/2020,2021-01-01 00:00:00,Patric NwaezeUbong
Lubowitz LLC,5/13/2020,2020-06-03 00:00:00,Temitope Angela
"Hickle, Olson and Feest",8/2/2019,2019-08-16 00:00:00,Emeka Emeka
"Sporer, Robel and Grant",7/8/2020,2020-07-15 00:00:00,Temitope Angela
Bernier-VonRueden,9/21/2018,2021-01-01 00:00:00,
"Rolfson, Tillman and Kessler",11/11/2018,2018-12-02 00:00:00,
"Sporer, Crona and Jenkins",7/9/2019,2019-07-23 00:00:00,Emmanuel Chude
Welch LLC,11/10/2019,2021-01-01 00:00:00,Nancy Oluomachi
"Yundt, Beer and Welch",10/11/2019,2019-10-18 00:00:00,Emeka Emeka
"Tromp, Lynch and Reilly",11/26/2018,2018-12-03 00:00:00,
Strosin and Sons,8/10/2019,2019-08-17 00:00:00,
"Gibson, Bernier and Fay",4/30/2019,2019-05-21 00:00:00,Emeka Emeka
Skiles and Sons,8/6/2019,2021-01-01 00:00:00,
"Cassin, Leffler and Larson",11/12/2019,2019-11-26 00:00:00,
"Daniel, Reichel and Kulas",10/18/2019,2019-10-25 00:00:00,Temitope Angela
Stroman LLC,11/5/2019,2021-01-01 00:00:00,
"Emard, Kilback and Cormier",2/28/2020,2020-03-06 00:00:00,Nancy Oluomachi
Kshlerin LLC,10/9/2018,2018-10-16 00:00:00,Emmanuel Chude
"Kunze, Hettinger and Senger",9/30/2018,2018-10-21 00:00:00,Emmanuel Chude
Sawayn-Wilderman,8/10/2019,2019-08-17 00:00:00,Nancy Oluomachi
"Ratke, Keeling and Gislason",1/23/2020,2020-02-06 00:00:00,Emeka Emeka
"Kunze, Bradtke and Oberbrunner",12/15/2018,2019-01-05 00:00:00,Nancy Oluomachi
"Bergstrom, Williamson and Smith",2/4/2019,2021-01-01 00:00:00,
"Gottlieb, Kautzer and Bogisich",1/22/2019,2019-01-29 00:00:00,Edmund
Christiansen-Homenick,5/28/2020,2021-01-01 00:00:00,
"Jast, Beer and Reynolds",11/26/2019,2021-01-01 00:00:00,Emmanuel Chude
Nolan and Sons,11/28/2018,2018-12-05 00:00:00,Emmanuel Chude
Altenwerth-Watsica,8/10/2019,2019-08-24 00:00:00,Emmanuel Chude
Greenholt-Davis,4/29/2019,2019-05-20 00:00:00,Temitope Angela
Gusikowski Group,5/12/2019,2019-05-26 00:00:00,Emeka Emeka
"Nienow, Rippin and Wilderman",2/12/2020,2021-01-01 00:00:00,
Cassin and Sons,7/10/2020,2020-07-17 00:00:00,Emmanuel Chude
"Runolfsson, Johnston and Graham",8/19/2020,2020-08-26 00:00:00,Nancy Oluomachi
"Nienow, Champlin and Ruecker",9/27/2020,2020-10-18 00:00:00,Patric NwaezeUbong
"Stanton, Rutherford and Wisoky",12/10/2019,2019-12-31 00:00:00,Emmanuel Chude
Koss Group,11/30/2018,2018-12-07 00:00:00,Patric NwaezeUbong
Considine and Sons,10/2/2019,2019-10-09 00:00:00,Temitope Angela
"Bashirian, Bartoletti and Zieme",4/5/2020,2020-04-26 00:00:00,
Shanahan-Spinka,8/5/2019,2019-08-12 00:00:00,Nancy Oluomachi
Hayes-Jerde,6/15/2020,2020-07-06 00:00:00,Nancy Oluomachi
Russel-Lockman,5/2/2019,2019-05-09 00:00:00,Edmund
"Fritsch, Schowalter and Glover",9/23/2019,2019-09-30 00:00:00,
"Lind, Ferry and Lowe",3/3/2019,2019-03-17 00:00:00,Patric NwaezeUbong
Veum-Reilly,6/23/2020,2021-01-01 00:00:00,Patric NwaezeUbong
Jerde Inc,5/19/2019,2021-01-01 00:00:00,
"Vandervort, Halvorson and Bogan",1/24/2019,2019-02-07 00:00:00,Emeka Emeka
Nitzsche and Sons,5/18/2020,2020-06-08 00:00:00,Nancy Oluomachi
Deckow-Nikolaus,9/15/2019,2019-10-06 00:00:00,
"Daugherty, Armstrong and Mosciski",8/1/2020,2020-08-22 00:00:00,Emeka Emeka
Nikolaus Group,11/1/2019,2019-11-15 00:00:00,
Cruickshank and Sons,8/29/2019,2021-01-01 00:00:00,Temitope Angela
Langosh-Smitham,9/13/2019,2019-09-20 00:00:00,
Langworth-Lowe,12/15/2018,2018-12-22 00:00:00,Edmund
Emmerich-O'Hara,5/8/2019,2019-05-15 00:00:00,
Hudson LLC,3/18/2019,2021-01-01 00:00:00,Nancy Oluomachi
Reilly Inc,10/8/2019,2021-01-01 00:00:00,Patric NwaezeUbong
"Carroll, Jones and Klein",10/23/2018,2018-10-30 00:00:00,Temitope Angela
Kuhn and Sons,6/10/2019,2019-07-01 00:00:00,
"Rutherford, Emmerich and Wiegand",2/23/2019,2021-01-01 00:00:00,Nancy Oluomachi
Oberbrunner-Jast,10/28/2018,2018-11-11 00:00:00,Emeka Emeka
"Rice, Kertzmann and Harber",1/18/2020,2020-02-01 00:00:00,Patric NwaezeUbong
Kertzmann-Mohr,11/20/2018,2018-12-04 00:00:00,
Jacobi LLC,1/17/2020,2021-01-01 00:00:00,Emeka Emeka
"Ondricka, Champlin and Hilll",11/13/2018,2021-01-01 00:00:00,Emeka Emeka
Toy-Howe,2/24/2019,2019-03-17 00:00:00,Temitope Angela
"Ziemann, Dickinson and Walter",12/20/2018,2021-01-01 00:00:00,Nancy Oluomachi
"Stroman, Borer and Stark",6/21/2019,2019-07-05 00:00:00,Nancy Oluomachi
Schmeler-DuBuque,1/3/2019,2019-01-17 00:00:00,Edmund
Bartoletti Inc,8/12/2020,2021-01-01 00:00:00,Emmanuel Chude
Runte-Krajcik,9/3/2019,2019-09-24 00:00:00,Emmanuel Chude
"Kuvalis, Ledner and Nader",1/22/2020,2021-01-01 00:00:00,Temitope Angela
Quigley-Walsh,5/23/2019,2019-06-06 00:00:00,
Tillman-Witting,2/20/2019,2021-01-01 00:00:00,Emeka Emeka
McGlynn LLC,8/30/2020,2021-01-01 00:00:00,
Krajcik-Koch,5/17/2019,2021-01-01 00:00:00,
Quigley-Schowalter,9/12/2018,2018-09-26 00:00:00,
Willms Group,1/31/2020,2020-02-07 00:00:00,Patric NwaezeUbong
Walsh-Purdy,3/6/2020,2020-03-27 00:00:00,Patric NwaezeUbong
Adams-Hilpert,11/12/2018,2018-11-26 00:00:00,Temitope Angela
Schmidt-Schiller,12/6/2018,2021-01-01 00:00:00,Emmanuel Chude
"Hintz, MacGyver and Auer",5/1/2019,2019-05-08 00:00:00,
Stoltenberg Group,9/29/2020,2020-10-13 00:00:00,Temitope Angela
Leannon-Koch,11/7/2018,2018-11-21 00:00:00,Edmund
Ondricka and Sons,2/8/2020,2020-02-22 00:00:00,Edmund
Pollich and Sons,2/8/2020,2020-02-15 00:00:00,Emmanuel Chude
"Gottlieb, Lubowitz and Hoeger",10/22/2019,2021-01-01 00:00:00,Temitope Angela
"Roob, Lueilwitz and Hodkiewicz",6/7/2019,2019-06-21 00:00:00,Edmund
Jenkins Inc,3/15/2019,2019-03-22 00:00:00,Temitope Angela
"Halvorson, Hayes and Will",12/5/2018,2018-12-19 00:00:00,Emeka Emeka
Cole and Sons,9/25/2018,2018-10-16 00:00:00,Emmanuel Chude
Bauch-Lindgren,3/8/2019,2019-03-22 00:00:00,Emeka Emeka
"Botsford, Jacobson and Koss",7/19/2019,2019-07-26 00:00:00,Edmund
"Johnston, Kessler and Johnston",7/5/2020,2020-07-26 00:00:00,
Bradtke-Morar,1/14/2020,2020-02-04 00:00:00,
Kessler Group,4/16/2020,2021-01-01 00:00:00,Emeka Emeka
Heaney LLC,8/25/2019,2019-09-15 00:00:00,Emeka Emeka
Schuster-Stark,5/31/2020,2020-06-21 00:00:00,Emmanuel Chude
"Kertzmann, Rolfson and Anderson",4/10/2020,2020-04-17 00:00:00,Emeka Emeka
Sanford-Fritsch,9/13/2020,2020-10-04 00:00:00,
Maggio Inc,9/15/2020,2020-10-06 00:00:00,Patric NwaezeUbong
"Senger, Schiller and Jacobson",2/6/2020,2020-02-13 00:00:00,Edmund
"Johnson, Murray and Ebert",1/11/2020,2020-01-25 00:00:00,Emeka Emeka
Schultz LLC,10/6/2018,2021-01-01 00:00:00,Emeka Emeka
Brakus-Romaguera,10/15/2019,2019-11-05 00:00:00,Emeka Emeka
"Reilly, VonRueden and Glover",11/30/2018,2018-12-07 00:00:00,Emeka Emeka
"Lemke, Ortiz and Kuhn",9/6/2020,2020-09-20 00:00:00,Nancy Oluomachi
"Hickle, Murray and Macejkovic",2/23/2019,2019-03-16 00:00:00,
Stark Group,1/13/2019,2019-02-03 00:00:00,Edmund
Marks and Sons,12/18/2018,2019-01-01 00:00:00,Edmund
Koch-Kunze,1/28/2020,2020-02-18 00:00:00,Nancy Oluomachi
"Lind, Schuppe and Goodwin",7/1/2020,2020-07-15 00:00:00,Emeka Emeka
"Gerhold, Bauch and Harvey",9/23/2018,2018-09-30 00:00:00,Patric NwaezeUbong
"Green, Romaguera and Armstrong",9/15/2020,2020-10-06 00:00:00,Emeka Emeka
Krajcik-Kulas,9/30/2018,2021-01-01 00:00:00,Temitope Angela
"Kub, Metz and Spinka",9/23/2020,2020-10-14 00:00:00,Nancy Oluomachi
"Satterfield, White and Schumm",7/28/2020,2020-08-18 00:00:00,Emmanuel Chude
Jones and Sons,2/24/2020,2020-03-09 00:00:00,Edmund
Dickens Group,9/5/2019,2019-09-12 00:00:00,Nancy Oluomachi
Bergstrom LLC,12/29/2019,2020-01-19 00:00:00,Edmund
"Erdman, Hessel and Miller",9/11/2018,2018-10-02 00:00:00,
Hills-Hane,1/27/2020,2020-02-10 00:00:00,Nancy Oluomachi
Gislason-Abshire,7/26/2019,2019-08-09 00:00:00,Temitope Angela
Hickle-Abernathy,7/20/2019,2019-08-03 00:00:00,Temitope Angela
Wehner-Bergnaum,4/27/2020,2020-05-04 00:00:00,Patric NwaezeUbong
"Boyle, Kertzmann and Emmerich",10/31/2018,2018-11-07 00:00:00,Temitope Angela
Mraz-Goyette,12/9/2018,2018-12-30 00:00:00,
Huels and Sons,3/18/2020,2020-04-08 00:00:00,Edmund
"Powlowski, Bogisich and D'Amore",6/8/2019,2019-06-15 00:00:00,Nancy Oluomachi
Doyle Inc,4/21/2019,2021-01-01 00:00:00,Patric NwaezeUbong
Nader and Sons,9/7/2019,2019-09-14 00:00:00,Patric NwaezeUbong
"Nitzsche, Medhurst and Wisoky",7/3/2019,2021-01-01 00:00:00,Emeka Emeka
"Littel, Bergstrom and Buckridge",12/18/2018,2021-01-01 00:00:00,
Armstrong-Kertzmann,5/24/2019,2019-05-31 00:00:00,
Hoeger-Bernhard,11/10/2018,2021-01-01 00:00:00,Patric NwaezeUbong
"Krajcik, Schaefer and Kuhn",10/6/2019,2019-10-20 00:00:00,Nancy Oluomachi
Dare LLC,4/10/2020,2020-04-17 00:00:00,Emmanuel Chude
Gerhold-Herman,8/15/2019,2021-01-01 00:00:00,
"Friesen, Torphy and Kemmer",6/19/2020,2020-07-03 00:00:00,Nancy Oluomachi
"Simonis, Predovic and Fadel",10/22/2019,2019-11-12 00:00:00,
Senger Inc,8/26/2019,2019-09-02 00:00:00,Emeka Emeka
"Miller, Ward and Hilpert",1/25/2020,2020-02-15 00:00:00,Emeka Emeka
"Larkin, Botsford and Marvin",12/30/2019,2020-01-13 00:00:00,Emeka Emeka
"O'Kon, Tremblay and Zieme",6/16/2019,2019-07-07 00:00:00,Nancy Oluomachi
Metz and Sons,5/9/2019,2019-05-16 00:00:00,Temitope Angela
"Bahringer, White and Fritsch",8/16/2019,2019-08-23 00:00:00,Emmanuel Chude
Greenholt Inc,4/16/2019,2019-04-30 00:00:00,Temitope Angela
Olson-Leannon,2/21/2020,2020-03-13 00:00:00,Temitope Angela
"Cole, Reinger and Cummings",7/17/2020,2020-07-24 00:00:00,Nancy Oluomachi
Koelpin-Gleichner,12/19/2018,2018-12-26 00:00:00,Edmund
Oberbrunner Inc,6/5/2020,2020-06-12 00:00:00,Patric NwaezeUbong
"Schulist, Deckow and Bartoletti",1/25/2020,2020-02-15 00:00:00,Edmund
Pollich Inc,9/21/2019,2019-10-12 00:00:00,
Kulas and Sons,5/2/2019,2019-05-09 00:00:00,Emeka Emeka
"Walter, Dach and Streich",7/18/2019,2021-01-01 00:00:00,Patric NwaezeUbong
"Franecki, Schumm and Mitchell",6/6/2020,2021-01-01 00:00:00,Nancy Oluomachi
Lehner-Lebsack,5/5/2019,2019-05-19 00:00:00,Nancy Oluomachi
Cummerata Inc,6/27/2020,2021-01-01 00:00:00,Emeka Emeka
Cummings and Sons,5/19/2020,2020-05-26 00:00:00,
Marks-Mraz,11/10/2019,2019-12-01 00:00:00,
"Macejkovic, Shields and Donnelly",10/1/2018,2018-10-08 00:00:00,Edmund
Schaefer Group,11/6/2019,2021-01-01 00:00:00,Emmanuel Chude
Witting and Sons,12/18/2018,2021-01-01 00:00:00,Emeka Emeka
"Thompson, Heathcote and Kemmer",10/3/2018,2021-01-01 00:00:00,Emeka Emeka
Hodkiewicz LLC,5/23/2019,2021-01-01 00:00:00,Nancy Oluomachi
Veum-Sanford,7/23/2019,2019-08-06 00:00:00,Emmanuel Chude
"Towne, Corwin and Roberts",6/18/2020,2020-07-09 00:00:00,Temitope Angela
Wehner-Hermiston,4/5/2019,2019-04-26 00:00:00,Emmanuel Chude
Lynch-Gusikowski,8/12/2020,2020-12-09 00:00:00,Nancy Oluomachi
Aufderhar-Harris,9/10/2019,2019-09-24 00:00:00,Nancy Oluomachi
Keebler-Feeney,9/5/2019,2019-09-12 00:00:00,
O'Kon-Keebler,7/19/2019,2019-07-26 00:00:00,Emmanuel Chude
Cassin-Bechtelar,8/4/2019,2021-01-01 00:00:00,Nancy Oluomachi
"Weissnat, Tromp and Crooks",9/18/2018,2018-10-09 00:00:00,Emmanuel Chude
"Ferry, Murazik and Borer",7/24/2019,2019-07-31 00:00:00,Edmund
"Will, Johns and Feeney",4/1/2019,2019-04-08 00:00:00,
Reichel and Sons,2/27/2019,2019-03-13 00:00:00,Emeka Emeka
Mayer Inc,11/27/2018,2018-12-04 00:00:00,Patric NwaezeUbong
Hermann Group,3/18/2020,2020-04-08 00:00:00,
"Kshlerin, O'Hara and Tromp",3/1/2020,2020-03-15 00:00:00,Edmund
Braun and Sons,9/20/2018,2018-10-11 00:00:00,Emmanuel Chude
"Johns, Morar and Thompson",7/26/2019,2019-08-02 00:00:00,Emmanuel Chude
Gusikowski-Ziemann,5/17/2020,2020-06-07 00:00:00,Emeka Emeka
Vandervort LLC,2/17/2020,2020-03-09 00:00:00,Emeka Emeka
Jakubowski Group,3/14/2019,2019-04-04 00:00:00,Emeka Emeka
Collier Group,9/18/2020,2020-10-09 00:00:00,
Kohler-Yundt,5/14/2020,2020-05-21 00:00:00,Edmund
Fay-Abernathy,4/1/2019,2019-12-09 00:00:00,
"Torphy, Prohaska and Little",10/5/2018,2018-10-26 00:00:00,Nancy Oluomachi
Gaylord LLC,12/20/2018,2019-01-10 00:00:00,
Wintheiser-Morissette,5/25/2020,2020-12-09 00:00:00,Emmanuel Chude
Windler and Sons,9/28/2020,2021-12-09 00:00:00,Temitope Angela
"Haley, Yost and Douglas",8/31/2020,2020-09-07 00:00:00,Temitope Angela
"Kris, Hane and DuBuque",10/17/2019,2019-11-07 00:00:00,Temitope Angela
"Price, Halvorson and Kub",9/4/2019,2019-09-11 00:00:00,Nancy Oluomachi
Douglas Group,5/1/2020,2020-05-08 00:00:00,Patric NwaezeUbong
Gaylord and Sons,12/2/2019,2019-12-09 00:00:00,
Kutch and Sons,5/28/2019,2019-06-04 00:00:00,Nancy Oluomachi
Reynolds and Sons,2/4/2020,2020-02-18 00:00:00,Nancy Oluomachi
Koepp-Wisoky,12/10/2019,2019-12-31 00:00:00,
McGlynn LLC,11/9/2018,2018-11-30 00:00:00,Emmanuel Chude
Bogisich-Johnston,1/8/2020,2020-01-29 00:00:00,Patric NwaezeUbong
"Spinka, Connelly and Dicki",6/26/2020,2020-07-03 00:00:00,
Littel LLC,6/23/2020,2020-07-07 00:00:00,
Borer Inc,12/20/2019,12/24/2019,Edmund
Keebler Group,12/28/2018,2019-12-09 00:00:00,
Douglas-Koss,10/5/2018,2021-01-01 00:00:00,Nancy Oluomachi
Beer Group,2/29/2020,2020-03-21 00:00:00,Emmanuel Chude
Streich-Larson,5/20/2020,2020-06-03 00:00:00,Nancy Oluomachi
"Bins, Schumm and Runolfsson",1/4/2019,2019-01-11 00:00:00,Emeka Emeka
"Shanahan, Keebler and Schmitt",1/14/2020,2021-12-03 00:00:00,Nancy Oluomachi
"Boyer, Runte and Hilpert",9/3/2018,2019-12-09 00:00:00,
Stehr LLC,7/7/2020,2020-07-21 00:00:00,Emmanuel Chude
"Hickle, Rempel and Labadie",6/8/2020,2021-01-01 00:00:00,Temitope Angela
Schuppe-Weimann,4/9/2020,2020-04-16 00:00:00,
Huel Inc,2/2/2019,2019-02-16 00:00:00,Patric NwaezeUbong
"Greenholt, Tillman and Harber",9/11/2020,2020-10-02 00:00:00,Emmanuel Chude
Ledner Group,9/1/2020,2020-12-09 00:00:00,Edmund
Herzog-Oberbrunner,1/11/2019,2019-02-01 00:00:00,Emeka Emeka
Brown LLC,8/21/2020,2020-09-11 00:00:00,
Swaniawski-Dicki,3/4/2020,2020-03-25 00:00:00,Edmund
"Gaylord, Cassin and Thiel",1/19/2020,2020-02-02 00:00:00,Temitope Angela
Roberts-Rogahn,5/30/2020,2020-06-20 00:00:00,Emeka Emeka
"Langosh, Hamill and Goodwin",10/8/2018,2018-10-29 00:00:00,Patric NwaezeUbong
"Nikolaus, Goyette and Bashirian",8/12/2020,2020-08-19 00:00:00,
Bayer LLC,3/25/2019,2019-12-09 00:00:00,Patric NwaezeUbong
Pfeffer-Tremblay,2/17/2020,2020-03-02 00:00:00,Temitope Angela
"Ratke, Wunsch and Miller",4/5/2020,2020-04-26 00:00:00,Patric NwaezeUbong
"Kessler, Crooks and Quitzon",5/2/2019,2019-05-09 00:00:00,Nancy Oluomachi
"Kling, Gulgowski and Kertzmann",12/5/2019,2019-12-26 00:00:00,Patric NwaezeUbong
Metz and Sons,7/13/2020,2020-12-09 00:00:00,Emmanuel Chude
Crooks-Mayert,7/20/2019,2019-07-27 00:00:00,Emeka Emeka
Labadie and Sons,12/25/2019,2020-12-09 00:00:00,
Willms-Breitenberg,6/5/2020,2020-06-26 00:00:00,Emmanuel Chude
"Nitzsche, Mann and Emard",6/4/2020,2021-02-02 00:00:00,Edmund
Johns and Sons,8/26/2019,2019-09-02 00:00:00,Nancy Oluomachi
Fay-Conn,12/20/2019,2020-01-03 00:00:00,Emeka Emeka
Yost Inc,6/21/2019,2019-06-28 00:00:00,Edmund
Kozey and Sons,4/11/2020,2020-05-02 00:00:00,
Kohler LLC,12/21/2019,2019-12-28 00:00:00,Nancy Oluomachi
"Grant, Jacobi and Cummerata",3/8/2020,2020-03-15 00:00:00,Edmund
Miller-Hane,1/19/2020,2020-01-26 00:00:00,Edmund
O'Kon-Okuneva,8/9/2019,2019-08-23 00:00:00,Patric NwaezeUbong
Weber-Corkery,2/19/2019,2019-12-09 00:00:00,Temitope Angela
"Ritchie, Wiegand and Parker",2/26/2019,2019-03-05 00:00:00,Patric NwaezeUbong
Murphy-Kirlin,3/23/2019,2019-03-30 00:00:00,Nancy Oluomachi
"Fay, Stracke and Mante",8/7/2020,2020-08-28 00:00:00,Emmanuel Chude
Sipes-Spinka,3/30/2020,2020-04-13 00:00:00,Emmanuel Chude
Rodriguez-Strosin,6/15/2019,2019-06-22 00:00:00,Emmanuel Chude
"Kilback, Ratke and Koepp",8/26/2019,2019-09-09 00:00:00,Emeka Emeka
Muller and Sons,4/18/2019,2021-01-01 00:00:00,Temitope Angela
Parker and Sons,1/20/2019,2019-01-27 00:00:00,Temitope Angela
Ullrich-Jerde,12/7/2018,2018-12-21 00:00:00,Emeka Emeka
Abshire Group,12/11/2019,2019-12-18 00:00:00,
White-Ernser,2/25/2019,2019-12-03 00:00:00,Temitope Angela
"Abbott, Harvey and Farrell",5/21/2020,2020-06-11 00:00:00,Temitope Angela
Berge-Zboncak,7/21/2020,2020-07-28 00:00:00,Emmanuel Chude
Dicki Group,6/9/2019,2029-01-09 00:00:00,
Littel-Nitzsche,5/3/2020,2020-12-06 00:00:00,Emmanuel Chude
Bradtke-Herzog,5/19/2019,2019-06-09 00:00:00,Emmanuel Chude
"Cassin, Koepp and Dietrich",8/16/2020,2020-08-30 00:00:00,Temitope Angela
Schinner-Turner,4/8/2020,2020-04-15 00:00:00,Emeka Emeka
Carroll LLC,7/22/2019,2019-08-05 00:00:00,Nancy Oluomachi
Lesch Group,2/16/2019,2019-02-23 00:00:00,Nancy Oluomachi
Schuster-Hills,3/7/2019,2020-12-09 00:00:00,Emmanuel Chude
Gaylord-Boyer,9/6/2020,2020-09-13 00:00:00,
Satterfield Group,11/27/2018,2018-12-11 00:00:00,
Wintheiser-Ondricka,1/13/2019,2019-01-20 00:00:00,Emeka Emeka
Haley Group,3/18/2019,2019-04-01 00:00:00,Temitope Angela
Rice-Bergstrom,6/27/2020,2020-07-11 00:00:00,
Corwin-O'Keefe,10/14/2019,2019-10-28 00:00:00,Temitope Angela
Price Group,3/29/2019,2019-04-19 00:00:00,
Sauer Group,3/20/2020,2020-04-03 00:00:00,Nancy Oluomachi
Dach LLC,8/28/2019,2019-09-04 00:00:00,Temitope Angela
"Halvorson, Graham and Gerhold",6/24/2020,2020-07-08 00:00:00,Edmund
Ward Inc,9/24/2019,2019-10-15 00:00:00,Emeka Emeka
"Collier, Kulas and Bins",4/22/2019,2019-05-13 00:00:00,
Schaefer Inc,7/23/2019,2019-07-30 00:00:00,Emmanuel Chude
"Ferry, Kohler and Lakin",6/9/2019,2019-06-23 00:00:00,Emeka Emeka
McClure-Hegmann,11/13/2018,2018-12-04 00:00:00,Emmanuel Chude
"Stehr, Schimmel and Smith",3/21/2019,2019-04-11 00:00:00,Emmanuel Chude
MacGyver-Gibson,1/16/2020,2020-12-09 00:00:00,Edmund
Block-Green,9/22/2019,2019-10-13 00:00:00,Emmanuel Chude
Larkin Inc,3/25/2019,2019-04-08 00:00:00,Edmund
Morissette Group,10/17/2018,2018-12-12 00:00:00,Patric NwaezeUbong
"Mraz, Sawayn and O'Conner",1/1/2020,2020-01-08 00:00:00,Edmund
Bahringer Group,10/17/2019,2019-12-12 00:00:00,Emmanuel Chude
Hammes Group,1/29/2020,2020-02-02 00:00:00,Emmanuel Chude
Dicki-Bednar,3/20/2019,2019-04-03 00:00:00,Emmanuel Chude
"Senger, Will and Kuhlman",12/6/2019,2019-12-27 00:00:00,Nancy Oluomachi
Gottlieb-Ferry,10/3/2019,2019-10-24 00:00:00,Patric NwaezeUbong
Doyle-Graham,4/11/2020,2020-12-06 00:00:00,Patric NwaezeUbong
Bergstrom and Sons,5/26/2020,2020-06-09 00:00:00,Temitope Angela
"Kemmer, Nolan and Simonis",5/11/2019,2019-05-25 00:00:00,Edmund
Stark LLC,5/29/2019,2019-06-12 00:00:00,Emmanuel Chude
Rippin Group,1/31/2019,2019-02-21 00:00:00,Nancy Oluomachi
Hyatt-Cartwright,1/25/2019,2019-02-01 00:00:00,Emeka Emeka
Ward LLC,5/16/2019,2019-06-06 00:00:00,Temitope Angela
"Fritsch, Streich and Cronin",7/8/2020,2021-01-01 00:00:00,Edmund
"Graham, Harvey and Fritsch",8/16/2019,2021-01-01 00:00:00,Nancy Oluomachi
"Frami, Pollich and Barrows",6/11/2020,2020-07-02 00:00:00,Temitope Angela
Pouros-Hagenes,4/29/2019,2019-05-20 00:00:00,Patric NwaezeUbong
Funk-Collier,5/31/2020,2020-06-07 00:00:00,Emmanuel Chude
"Wisoky, Homenick and O'Keefe",9/23/2020,2020-12-10 00:00:00,Edmund
Mohr-O'Conner,5/3/2020,2020-05-24 00:00:00,Temitope Angela
Howe-Heidenreich,2/12/2019,2019-02-19 00:00:00,
Harvey Inc,4/7/2020,2020-04-14 00:00:00,Temitope Angela
"Paucek, Okuneva and Kshlerin",11/6/2018,2018-11-20 00:00:00,Edmund
Tremblay-Abshire,1/4/2020,2020-08-07 00:00:00,Emeka Emeka
Kuhic-Schaden,1/17/2019,9/23/2019,
Ritchie and Sons,11/24/2018,2018-12-15 00:00:00,Emeka Emeka
Lubowitz LLC,10/23/2018,2019-02-02 00:00:00,Emeka Emeka
Treutel-Gorczany,11/27/2018,2018-12-11 00:00:00,Nancy Oluomachi
"Block, O'Connell and Ankunding",5/31/2019,2019-11-09 00:00:00,
Gislason Group,12/31/2018,2019-01-14 00:00:00,
Konopelski LLC,6/29/2020,2020-07-06 00:00:00,
Luettgen LLC,8/21/2019,2019-08-28 00:00:00,Nancy Oluomachi
Jast-D'Amore,1/25/2019,2019-02-15 00:00:00,Edmund
"Gottlieb, Conn and Boyer",2/17/2020,2020-03-09 00:00:00,Nancy Oluomachi
"Pagac, O'Connell and Wintheiser",4/27/2019,2019-05-18 00:00:00,
Mann-Olson,9/26/2019,2019-12-10 00:00:00,Emeka Emeka
McDermott Group,4/7/2019,2019-04-21 00:00:00,Patric NwaezeUbong
Homenick and Sons,2/20/2019,2019-02-27 00:00:00,Edmund
"Senger, Orn and Smitham",3/29/2019,2019-04-05 00:00:00,
Weimann-Miller,11/21/2019,2019-12-12 00:00:00,Emmanuel Chude
Lowe Inc,9/14/2018,2018-09-21 00:00:00,Emmanuel Chude
"Lang, Beer and McKenzie",11/28/2019,2019-12-12 00:00:00,
O'Hara Inc,4/13/2019,2019-04-20 00:00:00,Temitope Angela
Hyatt-Lind,2/24/2020,2020-12-09 00:00:00,Nancy Oluomachi
"Pacocha, Kerluke and McCullough",4/28/2020,2020-05-12 00:00:00,
